date,site_id,trophicStatus,group,scientificName,AphiaID,orig_name,scientificName_accepted,rank,kingdom,phylum,class,order,family,genus,lifeStage,identificationQualifier,identificationRemark,count
2021-02-17,TO4A,auto,Bacillariophyta,Cerataulina pelagica,149619,Ceratulina pelagica,Cerataulina bergonii,Species,Chromista,Ochrophyta,Bacillariophyceae,Hemiaulales,Hemiaulaceae,Cerataulina,NA,NA,NA,89
2021-02-17,TO4A,auto,Bacillariophyta,Chaetoceros ceratosporus,149297,Chaetoceros ceratosporus,Chaetoceros ceratosporus,Species,Chromista,Ochrophyta,Bacillariophyceae,Chaetocerotanae incertae sedis,Chaetocerotaceae,Chaetoceros,NA,NA,NA,356
2021-02-17,TO4A,auto,Bacillariophyta,Chaetoceros danicus,149120,Chaetoceros danicus,Chaetoceros danicus,Species,Chromista,Ochrophyta,Bacillariophyceae,Chaetocerotanae incertae sedis,Chaetocerotaceae,Chaetoceros,NA,NA,NA,89
2021-02-17,TO4A,auto,Bacillariophyta,Chaetoceros debilis,149219,Chetoceros debilis,Chaetoceros debilis,Species,Chromista,Ochrophyta,Bacillariophyceae,Chaetocerotanae incertae sedis,Chaetocerotaceae,Chaetoceros,NA,NA,NA,16020
2021-02-17,TO4A,auto,Bacillariophyta,Chaetoceros similis,149127,Chaetoceros similis,Chaetoceros similis,Species,Chromista,Ochrophyta,Bacillariophyceae,Chaetocerotanae incertae sedis,Chaetocerotaceae,Chaetoceros,NA,NA,NA,267
2021-02-17,TO4A,auto,Bacillariophyta,Chaetoceros,148985,Chaetoceros,Chaetoceros,Genus,Chromista,Ochrophyta,Bacillariophyceae,Chaetocerotanae incertae sedis,Chaetocerotaceae,Chaetoceros,NA,spp. Indet.,NA,1157
2021-02-17,TO4A,auto,Bacillariophyta,Corethron criophilum,149110,Corethron criophillum,Corethron criophilum,Species,Chromista,Ochrophyta,Bacillariophyceae,Corethrales,Corethraceae,Corethron,NA,NA,NA,178
2021-02-17,TO4A,auto,Bacillariophyta,Cylindrotheca closterium,149004,Cylindrotheca closterium,Cylindrotheca closterium,Species,Chromista,Ochrophyta,Bacillariophyceae,Bacillariales,Bacillariaceae,Cylindrotheca,NA,NA,NA,6230
2021-02-17,TO4A,auto,Bacillariophyta,Dactyliosolen fragilissimus,149310,Dactyliosolen fragilissimus,Rhizosolenia fragilissima f. fragilissima,Species,Chromista,Ochrophyta,Bacillariophyceae,Rhizosoleniales,Rhizosoleniaceae,Dactyliosolen,NA,NA,NA,48827
2021-02-17,TO4A,auto,Bacillariophyta,Dactyliosolen phuketensis,248064,Dactyliosolen phuketensis,Rhizosolenia phuketensis,Species,Chromista,Ochrophyta,Bacillariophyceae,Rhizosoleniales,Rhizosoleniaceae,Dactyliosolen,NA,NA,NA,10858
2021-02-17,TO4A,auto,Bacillariophyta,Ditylum brightwellii,149023,Ditylum brightwellii,Ditylum brightwellii,Species,Chromista,Ochrophyta,Bacillariophyceae,Lithodesmiales,Lithodesmiaceae,Ditylum,NA,NA,NA,178
2021-02-17,TO4A,auto,Bacillariophyta,Eucampia groenlandica,157430,Eucampia groenlandica,Eucampia groenlandica,Species,Chromista,Ochrophyta,Bacillariophyceae,Hemiaulales,Hemiaulaceae,Eucampia,NA,NA,NA,89
2021-02-17,TO4A,auto,Bacillariophyta,Pleurosigma,149181,Pleurosigma,Pleurosigma,Genus,Chromista,Ochrophyta,Bacillariophyceae,Naviculales,Pleurosigmataceae,Pleurosigma,NA,spp. Indet.,NA,979
2021-02-17,TO4A,auto,Bacillariophyta,Pseudo-nitzschia delicatissima,149153,Pseudo-nitzschia delicatissima,Pseudo-nitzschia delicatissima,Species,Chromista,Ochrophyta,Bacillariophyceae,Bacillariales,Bacillariaceae,Pseudo-nitzschia,NA,NA,NA,9345
2021-02-17,TO4A,auto,Bacillariophyta,Pseudo-nitzschia multiseries,175738,Pseudo-nitzschia multiseries,Pseudo-nitzschia multiseries,Species,Chromista,Ochrophyta,Bacillariophyceae,Bacillariales,Bacillariaceae,Pseudo-nitzschia,NA,NA,NA,13653
2021-02-17,TO4A,auto,Bacillariophyta,Rhizosolenia setigera,149115,Rhizosolenia setigera,Rhizosolenia setigera,Species,Chromista,Ochrophyta,Bacillariophyceae,Rhizosoleniales,Rhizosoleniaceae,Rhizosolenia,NA,NA,NA,267
2021-02-17,TO4A,auto,Bacillariophyta,Stephanopyxis turris,149631,Stephanopyxis turris,Stephanopyxis turris,Species,Chromista,Ochrophyta,Bacillariophyceae,Melosirales,Stephanopyxidaceae,Stephanopyxis,NA,NA,NA,267
2021-02-17,TO4A,auto,Bacillariophyta,Thalassionema nitzschioides,149093,Thalassionema nitzschioides,Synedra nitzschioides f. nitzschioides,Species,Chromista,Ochrophyta,Bacillariophyceae,Thalassionematales,Thalassionemataceae,Thalassionema,NA,NA,NA,3026
2021-02-17,TO4A,auto,Bacillariophyta,Thalassiosira nordenskioeldii,148931,Thalassiosira nordenskioeldii,Thalassiosira nordenskioeldii,Species,Chromista,Ochrophyta,Bacillariophyceae,Thalassiosirales,Thalassiosiraceae,Thalassiosira,NA,NA,NA,89
2021-02-17,TO4A,auto,Bacillariophyta,Thalassiosira rotula,148942,Thalassiosira rotula,Thalassiosira rotula,Species,Chromista,Ochrophyta,Bacillariophyceae,Thalassiosirales,Thalassiosiraceae,Thalassiosira,NA,NA,NA,2492
2021-02-17,TO4A,auto,Bacillariophyta,Thalassiosira,148912,Thalassiosira,Thalassiosira,Genus,Chromista,Ochrophyta,Bacillariophyceae,Thalassiosirales,Thalassiosiraceae,Thalassiosira,NA,spp. Indet.,NA,137000
2021-02-17,TO4A,auto,Chlorophyta-Prasinophyta,Pyramimonas grossii,495352,Pyramimonas grossii,Pyramimonas subg. Trichocystis grossii,Species,Plantae,Chlorophyta,Pyramimonadophyceae,Pyramimonadales,Pyramimonadaceae,Pyramimonas,NA,NA,NA,5833
2021-02-17,TO4A,auto,Chlorophyta-Prasinophyta,Pyramimonas orientalis,547692,Pyramimonas orientalis,Pyramimonas orientalis,Species,Plantae,Chlorophyta,Pyramimonadophyceae,Pyramimonadales,Pyramimonadaceae,Pyramimonas,NA,NA,NA,17500
2021-02-17,TO4A,auto,Unknown_Chlorophyta?,Protozoa,5,Protozoa,Protozoa,Kingdom,Protozoa,NA,NA,NA,NA,NA,NA,Indet.,Cells too small to identify. Stained blue indicating alpha starch and could be Chlorophyta,163324
2021-02-17,TO4A,hetero,Choanoflagellata,Monosiga marina,105643,Monosiga marina,Monosiga marina,Species,Protozoa,Choanozoa,Choanoflagellatea,Craspedida,Codonosigaceae,Monosiga,NA,NA,NA,23332
2021-02-17,TO4A,hetero,Choanoflagellata,Choanozoa,562870,Choanozoa,Choanozoa,Phylum,Protozoa,Choanozoa,NA,NA,NA,NA,NA,Indet.,NA,116660
2021-02-17,TO4A,auto,Chrysophyta,Ochromonas,249725,Ochromonas,Ochromonas,Genus,Chromista,Ochrophyta,Chrysophyceae,Chromulinales,Chromulinaceae,Ochromonas,NA,spp. Indet.,NA,5833
2021-02-17,TO4A,hetero,Ciliophora,Myrionecta rubra,292896,Myronecta rubra,Mesodinium rubrum,Species,Chromista,Ciliophora,Litostomatea,Cyclotrichiida,Mesodiniidae,Myrionecta,NA,NA,NA,267
2021-02-17,TO4A,auto,Cryptophyta,Hillea,178565,Hillea,Hillea,Genus,Chromista,Cryptophyta,Cryptophyceae,Cryptomonadales,Hilleaceae,Hillea,NA,sp. Indet.,NA,87495
2021-02-17,TO4A,auto,Cryptophyta,Teleaulax acuta,106305,Teleaulax acuta,Teleaulax acuta,Species,Chromista,Cryptophyta,Cryptophyceae,Pyrenomonadales,Geminigeraceae,Teleaulax,NA,NA,NA,23332
2021-02-17,TO4A,auto,Cryptophyta,Teleaulax amphioxeia,106306,Teleaulax amphioxiae,Teleaulax amphioxeia,Species,Chromista,Cryptophyta,Cryptophyceae,Pyrenomonadales,Geminigeraceae,Teleaulax,NA,NA,NA,5833
2021-02-17,TO4A,auto,Cryptophyta,Teleaulax,106285,Teleaulax,Teleaulax,Genus,Chromista,Cryptophyta,Cryptophyceae,Pyrenomonadales,Geminigeraceae,Teleaulax,NA,spp. Indet.,NA,116660
2021-02-17,TO4A,auto,Dictyochophyta,Dictyocha speculum,157260,Dictyocha speculum,Octactis speculum,Species,Chromista,Ochrophyta,Dictyochophyceae,Dictyochales,Dictyochaceae,Dictyocha,NA,NA,NA,178
2021-02-17,TO4A,auto,Dinoflagellata,Gonyaulax,109519,Gonyaulax,Gonyaulax,Genus,Chromista,Myzozoa,Dinophyceae,Gonyaulacales,Gonyaulacaceae,Gonyaulax,NA,spp. Indet.,NA,89
2021-02-17,TO4A,auto,Dinoflagellata,Gyrodinium,109476,Gyrodinium,Gyrodinium,Genus,Chromista,Myzozoa,Dinophyceae,Gymnodiniales,Gymnodiniaceae,Gyrodinium,NA,spp. Indet.,NA,356
2021-02-17,TO4A,auto,Dinoflagellata,Katodinium,109477,Katodinium,Katodinium,Genus,Chromista,Myzozoa,Dinophyceae,Tovelliales,Tovelliaceae,Katodinium,NA,spp. Indet.,NA,89
2021-02-17,TO4A,auto,Dinoflagellata,Protoperidinium,109553,Protoperidinium,Protoperidinium,Genus,Chromista,Myzozoa,Dinophyceae,Peridiniales,Protoperidiniaceae,Protoperidinium,NA,spp. Indet.,NA,89
2021-02-17,TO4A,auto,Dinoflagellata,Dinophyceae,19542,Dinophyceae,Dinophyceae,Class,Chromista,Myzozoa,Dinophyceae,NA,NA,NA,resting spores,Indet.,NA,356
2021-02-17,TO4A,auto,Dinoflagellata,Dinophyceae,19542,Dinophyceae,Dinophyceae,Class,Chromista,Myzozoa,Dinophyceae,NA,NA,NA,NA,Indet.,NA,89
2021-02-17,TO4A,hetero,Ebriidea,Ebria tripartita,118051,Ebria tripartita,Ebria tripartita,Species,Protozoa,NA,Ebriophyceae,Ebriales,Ebriaceae,Ebria,NA,NA,NA,89
2021-02-17,TO4A,auto,Euglenophyta,Euglenozoa,536202,Euglenozoa,Euglenozoa,Phylum,Protozoa,Euglenozoa,NA,NA,NA,NA,NA,Indet.,NA,89
2021-02-17,TO4A,hetero,Kinetoplastidea,Telonema subtilis,118076,Telonema subtilis,Telonema subtile,Species,Chromista,Cryptophyta,Telonemea,Telonemida,NA,Telonema,NA,NA,NA,5833
2021-02-17,TO4A,hetero,Kinetoplastidea,Kinetoplastea,562565,Kinetoplastea,Kinetoplastea,Class,Protozoa,Euglenozoa,Kinetoplastea,NA,NA,NA,NA,Indet.,NA,5833
2021-02-17,TO4A,auto,Prymnesiophyta-Haptophyta,Phaeocystis pouchetii,115106,Phaeocystis poucheteii,Phaeocystis pouchetii,Species,Chromista,Haptophyta,Prymnesiophyceae,Phaeocystales,Phaeocystaceae,Phaeocystis,NA,NA,NA,534
2021-02-17,TO4A,auto,Unknown_flagellate,Protozoa,5,Protozoa,Protozoa,Kingdom,Protozoa,NA,NA,NA,NA,NA,NA,Indet.,NA,723292
2021-02-17,TO4A,auto,Bacillariophyta,Pennales,1304629,Pennales,Pennales,Order,Chromista,Ochrophyta,Bacillariophyceae,Pennales,NA,NA,NA,Indet.,NA,1602
2021-02-17,TO4A,auto,Bacillariophyta,Skeletonema marinoi,376667,Skeletonema marinoi,Skeletonema marinoi,Species,Chromista,Ochrophyta,Bacillariophyceae,Thalassiosirales,Skeletonemaceae,Skeletonema,NA,NA,NA,21971
2021-02-17,TO4A,auto,Bacillariophyta,Chaetoceros tenuissimus,156623,Chaetoceros tenuissimus,Chaetoceros tenuissimus,Species,Chromista,Ochrophyta,Bacillariophyceae,Chaetocerotanae incertae sedis,Chaetocerotaceae,Chaetoceros,NA,NA,NA,5833
2021-02-17,TO4A,hetero,Ciliophora,Oligotrichea,732974,Oligotrichea,Oligotrichea,Class,Chromista,Ciliophora,Oligotrichea,NA,NA,NA,NA,Indet.,NA,1157
2021-03-23,TO4A,auto,Bacillariophyta,Chaetoceros debilis,149219,Chetoceros debilis,Chaetoceros debilis,Species,Chromista,Ochrophyta,Bacillariophyceae,Chaetocerotanae incertae sedis,Chaetocerotaceae,Chaetoceros,NA,NA,NA,558
2021-03-23,TO4A,auto,Bacillariophyta,Chaetoceros decipiens,149126,Chaetoceros decipiens,Chaetoceros decipiens,Species,Chromista,Ochrophyta,Bacillariophyceae,Chaetocerotanae incertae sedis,Chaetocerotaceae,Chaetoceros,NA,NA,NA,868
2021-03-23,TO4A,auto,Bacillariophyta,Chaetoceros socialis,149123,Chaetoceros socialis,Chaetoceros socialis,Species,Chromista,Ochrophyta,Bacillariophyceae,Chaetocerotanae incertae sedis,Chaetocerotaceae,Chaetoceros,NA,NA,NA,30200
2021-03-23,TO4A,auto,Bacillariophyta,Chaetoceros,148985,Chaetoceros,Chaetoceros,Genus,Chromista,Ochrophyta,Bacillariophyceae,Chaetocerotanae incertae sedis,Chaetocerotaceae,Chaetoceros,NA,spp. Indet.,NA,62
2021-03-23,TO4A,auto,Bacillariophyta,Cylindrotheca closterium,149004,Cylindrotheca closterium,Cylindrotheca closterium,Species,Chromista,Ochrophyta,Bacillariophyceae,Bacillariales,Bacillariaceae,Cylindrotheca,NA,NA,NA,1736
2021-03-23,TO4A,auto,Bacillariophyta,Dactyliosolen phuketensis,248064,Dactyliosolen phuketensis,Rhizosolenia phuketensis,Species,Chromista,Ochrophyta,Bacillariophyceae,Rhizosoleniales,Rhizosoleniaceae,Dactyliosolen,NA,NA,NA,124
2021-03-23,TO4A,auto,Bacillariophyta,Detonula pumila,149647,Detonula pumila,Lauderia pumila,Species,Chromista,Ochrophyta,Bacillariophyceae,Thalassiosirales,Skeletonemaceae,Detonula,NA,NA,NA,4154
2021-03-23,TO4A,auto,Bacillariophyta,Odontella longicruris,418591,Odontella longicruris,Hobaniella longicruris,Species,Chromista,Ochrophyta,Bacillariophyceae,Triceratiales,Triceratiaceae,Odontella,NA,NA,NA,248
2021-03-23,TO4A,auto,Bacillariophyta,Pleurosigma,149181,Pleurosigma,Pleurosigma,Genus,Chromista,Ochrophyta,Bacillariophyceae,Naviculales,Pleurosigmataceae,Pleurosigma,NA,spp. Indet.,NA,124
2021-03-23,TO4A,auto,Bacillariophyta,Pseudo-nitzschia delicatissima,149153,Pseudo-nitzschia delicatissima,Pseudo-nitzschia delicatissima,Species,Chromista,Ochrophyta,Bacillariophyceae,Bacillariales,Bacillariaceae,Pseudo-nitzschia,NA,NA,NA,3286
2021-03-23,TO4A,auto,Bacillariophyta,Pseudo-nitzschia multiseries,175738,Pseudo-nitzschia multiseries,Pseudo-nitzschia multiseries,Species,Chromista,Ochrophyta,Bacillariophyceae,Bacillariales,Bacillariaceae,Pseudo-nitzschia,NA,NA,NA,12543
2021-03-23,TO4A,auto,Bacillariophyta,Pseudo-nitzschia seriata,149152,Pseudo-nitzschia seriata,Pseudo-nitzschia seriata,Species,Chromista,Ochrophyta,Bacillariophyceae,Bacillariales,Bacillariaceae,Pseudo-nitzschia,NA,NA,NA,372
2021-03-23,TO4A,auto,Bacillariophyta,Rhizosolenia setigera,149115,Rhizosolenia setigera,Rhizosolenia setigera,Species,Chromista,Ochrophyta,Bacillariophyceae,Rhizosoleniales,Rhizosoleniaceae,Rhizosolenia,NA,NA,NA,124
2021-03-23,TO4A,auto,Bacillariophyta,Thalassionema nitzschioides,149093,Thalassionema nitzschioides,Synedra nitzschioides f. nitzschioides,Species,Chromista,Ochrophyta,Bacillariophyceae,Thalassionematales,Thalassionemataceae,Thalassionema,NA,NA,NA,2976
2021-03-23,TO4A,auto,Bacillariophyta,Thalassiosira,148912,Thalassiosira,Thalassiosira,Genus,Chromista,Ochrophyta,Bacillariophyceae,Thalassiosirales,Thalassiosiraceae,Thalassiosira,NA,spp. Indet.,NA,28400
2021-03-23,TO4A,auto,Chlorophyta-Prasinophyta,Pyramimonas grossii,495352,Pyramimonas grossii,Pyramimonas subg. Trichocystis grossii,Species,Plantae,Chlorophyta,Pyramimonadophyceae,Pyramimonadales,Pyramimonadaceae,Pyramimonas,NA,NA,NA,25000
2021-03-23,TO4A,auto,Chlorophyta-Prasinophyta,Pyramimonas orientalis,547692,Pyramimonas orientalis,Pyramimonas orientalis,Species,Plantae,Chlorophyta,Pyramimonadophyceae,Pyramimonadales,Pyramimonadaceae,Pyramimonas,NA,NA,NA,100000
2021-03-23,TO4A,auto,Chlorophyta-Prasinophyta,Pyramimonas,134529,Pyramimonas,Pyramimonas,Genus,Plantae,Chlorophyta,Pyramimonadophyceae,Pyramimonadales,Pyramimonadaceae,Pyramimonas,NA,spp. Indet.,NA,5000
2021-03-23,TO4A,auto,Unknown_Chlorophyta?,Protozoa,5,Protozoa,Protozoa,Kingdom,Protozoa,NA,NA,NA,NA,NA,NA,Indet.,Cells too small to identify. Stained blue indicating alpha starch and could be Chlorophyta,170000
2021-03-23,TO4A,hetero,Choanoflagellata,Monosiga marina,105643,Monosiga marina,Monosiga marina,Species,Protozoa,Choanozoa,Choanoflagellatea,Craspedida,Codonosigaceae,Monosiga,NA,NA,NA,30000
2021-03-23,TO4A,hetero,Choanoflagellata,Choanozoa,562870,Choanozoa,Choanozoa,Phylum,Protozoa,Choanozoa,NA,NA,NA,NA,NA,Indet.,NA,125000
2021-03-23,TO4A,auto,Chrysophyta,Ochromonas,249725,Ochromonas,Ochromonas,Genus,Chromista,Ochrophyta,Chrysophyceae,Chromulinales,Chromulinaceae,Ochromonas,NA,spp. Indet.,NA,15000
2021-03-23,TO4A,hetero,Ciliophora,Myrionecta rubra,292896,Myronecta rubra,Mesodinium rubrum,Species,Chromista,Ciliophora,Litostomatea,Cyclotrichiida,Mesodiniidae,Myrionecta,NA,NA,NA,992
2021-03-23,TO4A,hetero,Ciliophora,Tintinnina,732976,Tintinnina,Tintinnina,Suborder,Chromista,Ciliophora,Oligotrichea,Choreotrichida,NA,NA,NA,Indet.,NA,186
2021-03-23,TO4A,auto,Cryptophyta,Hillea,178565,Hillea,Hillea,Genus,Chromista,Cryptophyta,Cryptophyceae,Cryptomonadales,Hilleaceae,Hillea,NA,sp. Indet.,NA,85000
2021-03-23,TO4A,auto,Cryptophyta,Teleaulax acuta,106305,Teleaulax acuta,Teleaulax acuta,Species,Chromista,Cryptophyta,Cryptophyceae,Pyrenomonadales,Geminigeraceae,Teleaulax,NA,NA,NA,10000
2021-03-23,TO4A,auto,Cryptophyta,Teleaulax,106285,Teleaulax,Teleaulax,Genus,Chromista,Cryptophyta,Cryptophyceae,Pyrenomonadales,Geminigeraceae,Teleaulax,NA,spp. Indet.,NA,5000
2021-03-23,TO4A,auto,Dictyochophyta,Dictyocha fibula,157463,Dictyocha fibula,Dictyocha fibula,Species,Chromista,Ochrophyta,Dictyochophyceae,Dictyochales,Dictyochaceae,Dictyocha,NA,NA,NA,62
2021-03-23,TO4A,auto,Dictyochophyta,Dictyocha octonaria,341584,Dictyocha octonaria,Octactis octonaria,Species,Chromista,Ochrophyta,Dictyochophyceae,Dictyochales,Dictyochaceae,Dictyocha,NA,NA,NA,124
2021-03-23,TO4A,auto,Dictyochophyta,Dictyocha speculum,157260,Dictyocha speculum,Octactis speculum,Species,Chromista,Ochrophyta,Dictyochophyceae,Dictyochales,Dictyochaceae,Dictyocha,NA,NA,NA,992
2021-03-23,TO4A,auto,Dinoflagellata,Dinophysis acuminata,109603,Dinophysis acuminata,Dinophysis acuminata,Species,Chromista,Myzozoa,Dinophyceae,Dinophysiales,Dinophysaceae,Dinophysis,NA,NA,NA,124
2021-03-23,TO4A,auto,Dinoflagellata,Dinophysis fortii,109624,Dinophysis fortii,Dinophysis fortii,Species,Chromista,Myzozoa,Dinophyceae,Dinophysiales,Dinophysaceae,Dinophysis,NA,NA,NA,62
2021-03-23,TO4A,auto,Dinoflagellata,Gymnodinium,109475,Gymnodinium,Gymnodinium,Genus,Chromista,Myzozoa,Dinophyceae,Gymnodiniales,Gymnodiniaceae,Gymnodinium,NA,spp. Indet.,NA,496
2021-03-23,TO4A,auto,Dinoflagellata,Gyrodinium,109476,Gyrodinium,Gyrodinium,Genus,Chromista,Myzozoa,Dinophyceae,Gymnodiniales,Gymnodiniaceae,Gyrodinium,NA,spp. Indet.,NA,744
2021-03-23,TO4A,auto,Dinoflagellata,Katodinium,109477,Katodinium,Katodinium,Genus,Chromista,Myzozoa,Dinophyceae,Tovelliales,Tovelliaceae,Katodinium,NA,spp. Indet.,NA,10000
2021-03-23,TO4A,auto,Dinoflagellata,Protoperidinium steinii,110257,Protoperidinium steinii,Protoperidinium steinii,Species,Chromista,Myzozoa,Dinophyceae,Peridiniales,Protoperidiniaceae,Protoperidinium,NA,NA,NA,186
2021-03-23,TO4A,auto,Dinoflagellata,Scrippsiella precaria,110173,Scrippsiella precarea,Scrippsiella precaria,Species,Chromista,Myzozoa,Dinophyceae,Peridiniales,Peridiniaceae,Scrippsiella,NA,NA,NA,248
2021-03-23,TO4A,auto,Dinoflagellata,Dinophyceae,19542,Dinophyceae,Dinophyceae,Class,Chromista,Myzozoa,Dinophyceae,NA,NA,NA,NA,Indet.,NA,248
2021-03-23,TO4A,auto,Unknown_Dinophyceae?,Protozoa,5,Protozoa,Protozoa,Kingdom,Protozoa,NA,NA,NA,NA,NA,NA,Indet.,Cells too small to identify. Showed equatorial groove and could be Dinophyceae,15000
2021-03-23,TO4A,hetero,Ebriidea,Ebria tripartita,118051,Ebria tripartita,Ebria tripartita,Species,Protozoa,NA,Ebriophyceae,Ebriales,Ebriaceae,Ebria,NA,NA,NA,310
2021-03-23,TO4A,auto,Euglenophyta,Euglenozoa,536202,Euglenozoa,Euglenozoa,Phylum,Protozoa,Euglenozoa,NA,NA,NA,NA,NA,Indet.,NA,10000
2021-03-23,TO4A,hetero,Metazoa,Copepoda,1080,Copepoda,Copepoda,Subclass,Animalia,Arthropoda,Hexanauplia,NA,NA,NA,nauplii,Indet.,NA,62
2021-03-23,TO4A,auto,Unknown_flagellate,Protozoa,5,Protozoa,Protozoa,Kingdom,Protozoa,NA,NA,NA,NA,NA,NA,Indet.,NA,805000
2021-03-23,TO4A,auto,Bacillariophyta,Biddulphiales,148965,Biddulphiales,Biddulphiales,Order,Chromista,Ochrophyta,Bacillariophyceae,Biddulphiales,NA,NA,NA,Indet.,NA,10248
2021-03-23,TO4A,auto,Bacillariophyta,Pennales,1304629,Pennales,Pennales,Order,Chromista,Ochrophyta,Bacillariophyceae,Pennales,NA,NA,NA,Indet.,NA,8162
2021-03-23,TO4A,auto,Bacillariophyta,Skeletonema marinoi,376667,Skeletonema marinoi,Skeletonema marinoi,Species,Chromista,Ochrophyta,Bacillariophyceae,Thalassiosirales,Skeletonemaceae,Skeletonema,NA,NA,NA,682
2021-03-23,TO4A,hetero,Ciliophora,Oligotrichea,732974,Oligotrichea,Oligotrichea,Class,Chromista,Ciliophora,Oligotrichea,NA,NA,NA,NA,Indet.,NA,2976
2021-04-15,TO4A,auto,Bacillariophyta,Asterionellopsis glacialis,149139,Asterionellopsis glacialis,Asterionella glacialis,Species,Chromista,Ochrophyta,Bacillariophyceae,Fragilariales,Fragilariaceae,Asterionellopsis,NA,NA,NA,296
2021-04-15,TO4A,auto,Bacillariophyta,Chaetoceros cinctus,149622,Chaetoceros cinctus,Chaetoceros cinctus,Species,Chromista,Ochrophyta,Bacillariophyceae,Chaetocerotanae incertae sedis,Chaetocerotaceae,Chaetoceros,NA,NA,NA,592
2021-04-15,TO4A,auto,Bacillariophyta,Chaetoceros subtilis,156621,Chaetoceros subtilis,Chaetoceros subtilis,Species,Chromista,Ochrophyta,Bacillariophyceae,Chaetocerotanae incertae sedis,Chaetocerotaceae,Chaetoceros,NA,NA,NA,74
2021-04-15,TO4A,auto,Bacillariophyta,Cylindrotheca closterium,149004,Cylindrotheca closterium,Cylindrotheca closterium,Species,Chromista,Ochrophyta,Bacillariophyceae,Bacillariales,Bacillariaceae,Cylindrotheca,NA,NA,NA,148
2021-04-15,TO4A,auto,Bacillariophyta,Dactyliosolen fragilissimus,149310,Dactyliosolen fragilissimus,Rhizosolenia fragilissima f. fragilissima,Species,Chromista,Ochrophyta,Bacillariophyceae,Rhizosoleniales,Rhizosoleniaceae,Dactyliosolen,NA,NA,NA,222
2021-04-15,TO4A,auto,Bacillariophyta,Dactyliosolen phuketensis,248064,Dactyliosolen phuketensis,Rhizosolenia phuketensis,Species,Chromista,Ochrophyta,Bacillariophyceae,Rhizosoleniales,Rhizosoleniaceae,Dactyliosolen,NA,NA,NA,10591
2021-04-15,TO4A,auto,Bacillariophyta,Eucampia zodiacus,149131,Eucampia zodiacus,Eucampia zodiacus,Species,Chromista,Ochrophyta,Bacillariophyceae,Hemiaulales,Hemiaulaceae,Eucampia,NA,NA,NA,10235
2021-04-15,TO4A,auto,Bacillariophyta,Leptocylindrus danicus,149106,Leptocylindrus danicus,Leptocylindrus danicus,Species,Chromista,Ochrophyta,Bacillariophyceae,Leptocylindrales,Leptocylindraceae,Leptocylindrus,NA,NA,NA,3404
2021-04-15,TO4A,auto,Bacillariophyta,Pseudo-nitzschia delicatissima,149153,Pseudo-nitzschia delicatissima,Pseudo-nitzschia delicatissima,Species,Chromista,Ochrophyta,Bacillariophyceae,Bacillariales,Bacillariaceae,Pseudo-nitzschia,NA,NA,NA,1036
2021-04-15,TO4A,auto,Bacillariophyta,Pseudo-nitzschia multiseries,175738,Pseudo-nitzschia multiseries,Pseudo-nitzschia multiseries,Species,Chromista,Ochrophyta,Bacillariophyceae,Bacillariales,Bacillariaceae,Pseudo-nitzschia,NA,NA,NA,296
2021-04-15,TO4A,auto,Bacillariophyta,Pseudo-nitzschia seriata,149152,Pseudo-nitzschia seriata,Pseudo-nitzschia seriata,Species,Chromista,Ochrophyta,Bacillariophyceae,Bacillariales,Bacillariaceae,Pseudo-nitzschia,NA,NA,NA,5328
2021-04-15,TO4A,auto,Bacillariophyta,Stephanopyxis turris,149631,Stephanopyxis turris,Stephanopyxis turris,Species,Chromista,Ochrophyta,Bacillariophyceae,Melosirales,Stephanopyxidaceae,Stephanopyxis,NA,NA,NA,296
2021-04-15,TO4A,auto,Bacillariophyta,Thalassiosira,148912,Thalassiosira,Thalassiosira,Genus,Chromista,Ochrophyta,Bacillariophyceae,Thalassiosirales,Thalassiosiraceae,Thalassiosira,NA,spp. Indet.,NA,444
2021-04-15,TO4A,auto,Chlorophyta-Prasinophyta,Pterosperma,160595,Pterosperma,Pterosperma,Genus,Plantae,Chlorophyta,Prasinophyceae,Halosphaerales,Pterospermataceae,Pterosperma,NA,spp. Indet.,NA,5833
2021-04-15,TO4A,auto,Chlorophyta-Prasinophyta,Pyramimonas,134529,Pyramimonas,Pyramimonas,Genus,Plantae,Chlorophyta,Pyramimonadophyceae,Pyramimonadales,Pyramimonadaceae,Pyramimonas,NA,spp. Indet.,NA,2917
2021-04-15,TO4A,auto,Unknown_Chlorophyta?,Protozoa,5,Protozoa,Protozoa,Kingdom,Protozoa,NA,NA,NA,NA,NA,NA,Indet.,Cells too small to identify. Stained blue indicating alpha starch and could be Chlorophyta,140016
2021-04-15,TO4A,hetero,Choanoflagellata,Monosiga marina,105643,Monosiga marina,Monosiga marina,Species,Protozoa,Choanozoa,Choanoflagellatea,Craspedida,Codonosigaceae,Monosiga,NA,NA,NA,5833
2021-04-15,TO4A,hetero,Choanoflagellata,Choanozoa,562870,Choanozoa,Choanozoa,Phylum,Protozoa,Choanozoa,NA,NA,NA,NA,NA,Indet.,NA,20419
2021-04-15,TO4A,hetero,Ciliophora,Myrionecta rubra,292896,Myronecta rubra,Mesodinium rubrum,Species,Chromista,Ciliophora,Litostomatea,Cyclotrichiida,Mesodiniidae,Myrionecta,NA,NA,NA,148
2021-04-15,TO4A,auto,Cryptophyta,Hillea,178565,Hillea,Hillea,Genus,Chromista,Cryptophyta,Cryptophyceae,Cryptomonadales,Hilleaceae,Hillea,NA,sp. Indet.,NA,37921
2021-04-15,TO4A,auto,Cryptophyta,Teleaulax acuta,106305,Teleaulax acuta,Teleaulax acuta,Species,Chromista,Cryptophyta,Cryptophyceae,Pyrenomonadales,Geminigeraceae,Teleaulax,NA,NA,NA,2917
2021-04-15,TO4A,auto,Cryptophyta,Teleaulax,106285,Teleaulax,Teleaulax,Genus,Chromista,Cryptophyta,Cryptophyceae,Pyrenomonadales,Geminigeraceae,Teleaulax,NA,spp. Indet.,NA,26253
2021-04-15,TO4A,auto,Dictyochophyta,Dictyocha speculum,157260,Dictyocha speculum,Octactis speculum,Species,Chromista,Ochrophyta,Dictyochophyceae,Dictyochales,Dictyochaceae,Dictyocha,NA,NA,NA,74
2021-04-15,TO4A,auto,Dinoflagellata,Ceratium fusus,109951,Ceratium fusus,Tripos fusus,Species,Chromista,Myzozoa,Dinophyceae,Gonyaulacales,Ceratiaceae,Ceratium,NA,NA,NA,296
2021-04-15,TO4A,auto,Dinoflagellata,Ceratium horridum,109956,Ceratium horridum,Tripos horridus,Species,Chromista,Myzozoa,Dinophyceae,Gonyaulacales,Ceratiaceae,Ceratium,NA,NA,NA,74
2021-04-15,TO4A,auto,Dinoflagellata,Dinophysis acuminata,109603,Dinophysis acuminata,Dinophysis acuminata,Species,Chromista,Myzozoa,Dinophyceae,Dinophysiales,Dinophysaceae,Dinophysis,NA,NA,NA,74
2021-04-15,TO4A,auto,Dinoflagellata,Gonyaulax,109519,Gonyaulax,Gonyaulax,Genus,Chromista,Myzozoa,Dinophyceae,Gonyaulacales,Gonyaulacaceae,Gonyaulax,NA,spp. Indet.,NA,74
2021-04-15,TO4A,auto,Dinoflagellata,Gymnodinium,109475,Gymnodinium,Gymnodinium,Genus,Chromista,Myzozoa,Dinophyceae,Gymnodiniales,Gymnodiniaceae,Gymnodinium,NA,spp. Indet.,NA,1332
2021-04-15,TO4A,auto,Dinoflagellata,Gyrodinium,109476,Gyrodinium,Gyrodinium,Genus,Chromista,Myzozoa,Dinophyceae,Gymnodiniales,Gymnodiniaceae,Gyrodinium,NA,spp. Indet.,NA,3108
2021-04-15,TO4A,auto,Dinoflagellata,Katodinium,109477,Katodinium,Katodinium,Genus,Chromista,Myzozoa,Dinophyceae,Tovelliales,Tovelliaceae,Katodinium,NA,spp. Indet.,NA,20419
2021-04-15,TO4A,auto,Dinoflagellata,Noctiluca scintillans,109921,Noctiluca scintillans,Noctiluca scintillans,Species,Chromista,Myzozoa,Dinophyceae,Noctilucales,Noctilucaceae,Noctiluca,NA,NA,NA,444
2021-04-15,TO4A,auto,Dinoflagellata,Protoperidinium,109553,Protoperidinium,Protoperidinium,Genus,Chromista,Myzozoa,Dinophyceae,Peridiniales,Protoperidiniaceae,Protoperidinium,NA,spp. Indet.,NA,148
2021-04-15,TO4A,auto,Dinoflagellata,Dinophyceae,19542,Dinophyceae,Dinophyceae,Class,Chromista,Myzozoa,Dinophyceae,NA,NA,NA,resting spores,Indet.,NA,444
2021-04-15,TO4A,auto,Dinoflagellata,Scrippsiella precaria,110173,Scrippsiella precarea,Scrippsiella precaria,Species,Chromista,Myzozoa,Dinophyceae,Peridiniales,Peridiniaceae,Scrippsiella,NA,NA,NA,740
2021-04-15,TO4A,auto,Dinoflagellata,Scrippsiella trochoidea,110172,Scrippsiella trochoidea,Scrippsiella acuminata,Species,Chromista,Myzozoa,Dinophyceae,Peridiniales,Peridiniaceae,Scrippsiella,NA,NA,NA,370
2021-04-15,TO4A,auto,Dinoflagellata,Dinophyceae,19542,Dinophyceae,Dinophyceae,Class,Chromista,Myzozoa,Dinophyceae,NA,NA,NA,NA,Indet.,NA,518
2021-04-15,TO4A,auto,Unknown_Dinophyceae?,Protozoa,5,Protozoa,Protozoa,Kingdom,Protozoa,NA,NA,NA,NA,NA,NA,Indet.,Cells too small to identify. Showed equatorial groove and could be Dinophyceae,11668
2021-04-15,TO4A,hetero,Ebriidea,Ebria tripartita,118051,Ebria tripartita,Ebria tripartita,Species,Protozoa,NA,Ebriophyceae,Ebriales,Ebriaceae,Ebria,NA,NA,NA,370
2021-04-15,TO4A,auto,Euglenophyta,Euglenozoa,536202,Euglenozoa,Euglenozoa,Phylum,Protozoa,Euglenozoa,NA,NA,NA,NA,NA,Indet.,NA,1406
2021-04-15,TO4A,hetero,Kinetoplastidea,Metromonas simplex,118059,Metromonas simplex,Metromonas simplex,Species,Chromista,Cercozoa,Metromonadea,Metromonadea incertae sedis,NA,Metromonas,NA,NA,NA,2917
2021-04-15,TO4A,hetero,Kinetoplastidea,Telonema subtilis,118076,Telonema subtilis,Telonema subtile,Species,Chromista,Cryptophyta,Telonemea,Telonemida,NA,Telonema,NA,NA,NA,14585
2021-04-15,TO4A,hetero,Metazoa,Copepoda,1080,Copepoda,Copepoda,Subclass,Animalia,Arthropoda,Hexanauplia,NA,NA,NA,nauplii,Indet.,NA,74
2021-04-15,TO4A,auto,Prymnesiophyta-Haptophyta,Phaeocystis pouchetii,115106,Phaeocystis poucheteii,Phaeocystis pouchetii,Species,Chromista,Haptophyta,Prymnesiophyceae,Phaeocystales,Phaeocystaceae,Phaeocystis,NA,NA,NA,2146
2021-04-15,TO4A,auto,Unknown_flagellate,Protozoa,5,Protozoa,Protozoa,Kingdom,Protozoa,NA,NA,NA,NA,NA,NA,Indet.,NA,218775
2021-04-15,TO4A,auto,Bacillariophyta,Biddulphiales,148965,Biddulphiales,Biddulphiales,Order,Chromista,Ochrophyta,Bacillariophyceae,Biddulphiales,NA,NA,NA,Indet.,NA,444
2021-04-15,TO4A,auto,Bacillariophyta,Pennales,1304629,Pennales,Pennales,Order,Chromista,Ochrophyta,Bacillariophyceae,Pennales,NA,NA,NA,Indet.,NA,518
2021-04-15,TO4A,auto,Bacillariophyta,Skeletonema marinoi,376667,Skeletonema marinoi,Skeletonema marinoi,Species,Chromista,Ochrophyta,Bacillariophyceae,Thalassiosirales,Skeletonemaceae,Skeletonema,NA,NA,NA,1036
2021-04-15,TO4A,hetero,Ciliophora,Oligotrichea,732974,Oligotrichea,Oligotrichea,Class,Chromista,Ciliophora,Oligotrichea,NA,NA,NA,NA,Indet.,NA,9324
2021-05-12,TO4A,auto,Bacillariophyta,Chaetoceros ceratosporus,149297,Chaetoceros ceratosporus,Chaetoceros ceratosporus,Species,Chromista,Ochrophyta,Bacillariophyceae,Chaetocerotanae incertae sedis,Chaetocerotaceae,Chaetoceros,NA,NA,NA,108
2021-05-12,TO4A,auto,Bacillariophyta,Pseudo-nitzschia delicatissima,149153,Pseudo-nitzschia delicatissima,Pseudo-nitzschia delicatissima,Species,Chromista,Ochrophyta,Bacillariophyceae,Bacillariales,Bacillariaceae,Pseudo-nitzschia,NA,NA,NA,54
2021-05-12,TO4A,auto,Bacillariophyta,Rhizosolenia setigera,149115,Rhizosolenia setigera,Rhizosolenia setigera,Species,Chromista,Ochrophyta,Bacillariophyceae,Rhizosoleniales,Rhizosoleniaceae,Rhizosolenia,NA,NA,NA,594
2021-05-12,TO4A,auto,Bacillariophyta,Thalassionema nitzschioides,149093,Thalassionema nitzschioides,Synedra nitzschioides f. nitzschioides,Species,Chromista,Ochrophyta,Bacillariophyceae,Thalassionematales,Thalassionemataceae,Thalassionema,NA,NA,NA,54
2021-05-12,TO4A,auto,Bacillariophyta,Thalassiosira,148912,Thalassiosira,Thalassiosira,Genus,Chromista,Ochrophyta,Bacillariophyceae,Thalassiosirales,Thalassiosiraceae,Thalassiosira,NA,spp. Indet.,NA,432
2021-05-12,TO4A,auto,Chlorophyta-Prasinophyta,Pterosperma,160595,Pterosperma,Pterosperma,Genus,Plantae,Chlorophyta,Prasinophyceae,Halosphaerales,Pterospermataceae,Pterosperma,NA,spp. Indet.,NA,14000
2021-05-12,TO4A,auto,Chlorophyta-Prasinophyta,Pyramimonas orientalis,547692,Pyramimonas orientalis,Pyramimonas orientalis,Species,Plantae,Chlorophyta,Pyramimonadophyceae,Pyramimonadales,Pyramimonadaceae,Pyramimonas,NA,NA,NA,7000
2021-05-12,TO4A,auto,Unknown_Chlorophyta?,Protozoa,5,Protozoa,Protozoa,Kingdom,Protozoa,NA,NA,NA,NA,NA,NA,Indet.,Cells too small to identify. Stained blue indicating alpha starch and could be Chlorophyta,280000
2021-05-12,TO4A,hetero,Choanoflagellata,Choanozoa,562870,Choanozoa,Choanozoa,Phylum,Protozoa,Choanozoa,NA,NA,NA,NA,NA,Indet.,NA,42000
2021-05-12,TO4A,auto,Chrysophyta,Ochromonas,249725,Ochromonas,Ochromonas,Genus,Chromista,Ochrophyta,Chrysophyceae,Chromulinales,Chromulinaceae,Ochromonas,NA,spp. Indet.,NA,7000
2021-05-12,TO4A,hetero,Ciliophora,Myrionecta rubra,292896,Myronecta rubra,Mesodinium rubrum,Species,Chromista,Ciliophora,Litostomatea,Cyclotrichiida,Mesodiniidae,Myrionecta,NA,NA,NA,378
2021-05-12,TO4A,hetero,Ciliophora,Tintinnina,732976,Tintinnina,Tintinnina,Suborder,Chromista,Ciliophora,Oligotrichea,Choreotrichida,NA,NA,NA,Indet.,NA,108
2021-05-12,TO4A,auto,Cryptophyta,Hillea,178565,Hillea,Hillea,Genus,Chromista,Cryptophyta,Cryptophyceae,Cryptomonadales,Hilleaceae,Hillea,NA,sp. Indet.,NA,273000
2021-05-12,TO4A,auto,Cryptophyta,Teleaulax acuta,106305,Teleaulax acuta,Teleaulax acuta,Species,Chromista,Cryptophyta,Cryptophyceae,Pyrenomonadales,Geminigeraceae,Teleaulax,NA,NA,NA,35000
2021-05-12,TO4A,auto,Cryptophyta,Teleaulax,106285,Teleaulax,Teleaulax,Genus,Chromista,Cryptophyta,Cryptophyceae,Pyrenomonadales,Geminigeraceae,Teleaulax,NA,spp. Indet.,NA,203000
2021-05-12,TO4A,auto,Dictyochophyta,Dictyocha speculum,157260,Dictyocha speculum,Octactis speculum,Species,Chromista,Ochrophyta,Dictyochophyceae,Dictyochales,Dictyochaceae,Dictyocha,NA,NA,NA,162
2021-05-12,TO4A,auto,Dictyochophyta,Dictyocha,157258,Dictyocha,Dictyocha,Genus,Chromista,Ochrophyta,Dictyochophyceae,Dictyochales,Dictyochaceae,Dictyocha,spores,Indet.,NA,108
2021-05-12,TO4A,auto,Dictyochophyta,Meringosphaera mediterranea,248129,Meringosphaerae mediterranea,Meringosphaera mediterranea,Species,Chromista,Ochrophyta,Xanthophyceae,Mischococcales,Pleurochloridaceae,Meringosphaera,NA,NA,NA,7000
2021-05-12,TO4A,auto,Dinoflagellata,Ceratium fusus,109951,Ceratium fusus,Tripos fusus,Species,Chromista,Myzozoa,Dinophyceae,Gonyaulacales,Ceratiaceae,Ceratium,NA,NA,NA,108
2021-05-12,TO4A,auto,Dinoflagellata,Ceratium horridum,109956,Ceratium horridum,Tripos horridus,Species,Chromista,Myzozoa,Dinophyceae,Gonyaulacales,Ceratiaceae,Ceratium,NA,NA,NA,648
2021-05-12,TO4A,auto,Dinoflagellata,Ceratium tripos,109982,Ceratium tripos,Tripos muelleri,Species,Chromista,Myzozoa,Dinophyceae,Gonyaulacales,Ceratiaceae,Ceratium,NA,NA,NA,6386
2021-05-12,TO4A,auto,Dinoflagellata,Corythodinium,109527,Corythodinium,Corythodinium,Genus,Chromista,Myzozoa,Dinophyceae,Peridiniales,Oxytoxaceae,Corythodinium,NA,spp. Indet.,NA,864
2021-05-12,TO4A,auto,Dinoflagellata,Dinophysis acuminata,109603,Dinophysis acuminata,Dinophysis acuminata,Species,Chromista,Myzozoa,Dinophyceae,Dinophysiales,Dinophysaceae,Dinophysis,NA,NA,NA,162
2021-05-12,TO4A,auto,Dinoflagellata,Gonyaulax,109519,Gonyaulax,Gonyaulax,Genus,Chromista,Myzozoa,Dinophyceae,Gonyaulacales,Gonyaulacaceae,Gonyaulax,NA,spp. Indet.,NA,162
2021-05-12,TO4A,auto,Dinoflagellata,Gymnodinium,109475,Gymnodinium,Gymnodinium,Genus,Chromista,Myzozoa,Dinophyceae,Gymnodiniales,Gymnodiniaceae,Gymnodinium,NA,spp. Indet.,NA,1026
2021-05-12,TO4A,auto,Dinoflagellata,Gyrodinium,109476,Gyrodinium,Gyrodinium,Genus,Chromista,Myzozoa,Dinophyceae,Gymnodiniales,Gymnodiniaceae,Gyrodinium,NA,spp. Indet.,NA,540
2021-05-12,TO4A,auto,Dinoflagellata,Katodinium,109477,Katodinium,Katodinium,Genus,Chromista,Myzozoa,Dinophyceae,Tovelliales,Tovelliaceae,Katodinium,NA,spp. Indet.,NA,162
2021-05-12,TO4A,auto,Dinoflagellata,Noctiluca scintillans,109921,Noctiluca scintillans,Noctiluca scintillans,Species,Chromista,Myzozoa,Dinophyceae,Noctilucales,Noctilucaceae,Noctiluca,NA,NA,NA,54
2021-05-12,TO4A,auto,Dinoflagellata,Protoperidinium steinii,110257,Protoperidinium steinii,Protoperidinium steinii,Species,Chromista,Myzozoa,Dinophyceae,Peridiniales,Protoperidiniaceae,Protoperidinium,NA,NA,NA,54
2021-05-12,TO4A,auto,Dinoflagellata,Dinophyceae,19542,Dinophyceae,Dinophyceae,Class,Chromista,Myzozoa,Dinophyceae,NA,NA,NA,resting spores,Indet.,NA,540
2021-05-12,TO4A,auto,Dinoflagellata,Scrippsiella precaria,110173,Scrippsiella precarea,Scrippsiella precaria,Species,Chromista,Myzozoa,Dinophyceae,Peridiniales,Peridiniaceae,Scrippsiella,NA,NA,NA,972
2021-05-12,TO4A,auto,Dinoflagellata,Scrippsiella trochoidea,110172,Scrippsiella trochoidea,Scrippsiella acuminata,Species,Chromista,Myzozoa,Dinophyceae,Peridiniales,Peridiniaceae,Scrippsiella,NA,NA,NA,756
2021-05-12,TO4A,auto,Dinoflagellata,Dinophyceae,19542,Dinophyceae,Dinophyceae,Class,Chromista,Myzozoa,Dinophyceae,NA,NA,NA,NA,Indet.,NA,432
2021-05-12,TO4A,auto,Unknown_Dinophyceae?,Protozoa,5,Protozoa,Protozoa,Kingdom,Protozoa,NA,NA,NA,NA,NA,NA,Indet.,Cells too small to identify. Showed equatorial groove and could be Dinophyceae,35000
2021-05-12,TO4A,hetero,Ebriidea,Ebria tripartita,118051,Ebria tripartita,Ebria tripartita,Species,Protozoa,NA,Ebriophyceae,Ebriales,Ebriaceae,Ebria,NA,NA,NA,108
2021-05-12,TO4A,auto,Euglenophyta,Euglenozoa,536202,Euglenozoa,Euglenozoa,Phylum,Protozoa,Euglenozoa,NA,NA,NA,NA,NA,Indet.,NA,432
2021-05-12,TO4A,hetero,Kinetoplastidea,Telonema subtilis,118076,Telonema subtilis,Telonema subtile,Species,Chromista,Cryptophyta,Telonemea,Telonemida,NA,Telonema,NA,NA,NA,42000
2021-05-12,TO4A,hetero,Metazoa,Copepoda,1080,Copepoda,Copepoda,Subclass,Animalia,Arthropoda,Hexanauplia,NA,NA,NA,nauplii,Indet.,NA,54
2021-05-12,TO4A,hetero,Metazoa,Copepoda,1080,Copepoda,Copepoda,Subclass,Animalia,Arthropoda,Hexanauplia,NA,NA,NA,copepodites,Indet.,NA,54
2021-05-12,TO4A,auto,Unknown_flagellate,Protozoa,5,Protozoa,Protozoa,Kingdom,Protozoa,NA,NA,NA,NA,NA,NA,Indet.,NA,777000
2021-05-12,TO4A,auto,Bacillariophyta,Pennales,1304629,Pennales,Pennales,Order,Chromista,Ochrophyta,Bacillariophyceae,Pennales,NA,NA,NA,Indet.,NA,864
2021-05-12,TO4A,auto,Bacillariophyta,Skeletonema marinoi,376667,Skeletonema marinoi,Skeletonema marinoi,Species,Chromista,Ochrophyta,Bacillariophyceae,Thalassiosirales,Skeletonemaceae,Skeletonema,NA,NA,NA,432
2021-05-12,TO4A,hetero,Ciliophora,Oligotrichea,732974,Oligotrichea,Oligotrichea,Class,Chromista,Ciliophora,Oligotrichea,NA,NA,NA,NA,Indet.,NA,9126
2021-06-10,TO4A,auto,Unknown_Chlorophyta?,Protozoa,5,Protozoa,Protozoa,Kingdom,Protozoa,NA,NA,NA,NA,NA,NA,Indet.,Cells too small to identify. Stained blue indicating alpha starch and could be Chlorophyta,32083
2021-06-10,TO4A,hetero,Choanoflagellata,Choanozoa,562870,Choanozoa,Choanozoa,Phylum,Protozoa,Choanozoa,NA,NA,NA,NA,NA,Indet.,NA,8751
2021-06-10,TO4A,hetero,Ciliophora,Myrionecta rubra,292896,Myronecta rubra,Mesodinium rubrum,Species,Chromista,Ciliophora,Litostomatea,Cyclotrichiida,Mesodiniidae,Myrionecta,NA,NA,NA,200
2021-06-10,TO4A,hetero,Ciliophora,Tintinnina,732976,Tintinnina,Tintinnina,Suborder,Chromista,Ciliophora,Oligotrichea,Choreotrichida,NA,NA,NA,Indet.,NA,5040
2021-06-10,TO4A,auto,Cryptophyta,Hillea,178565,Hillea,Hillea,Genus,Chromista,Cryptophyta,Cryptophyceae,Cryptomonadales,Hilleaceae,Hillea,NA,sp. Indet.,NA,247945
2021-06-10,TO4A,auto,Cryptophyta,Teleaulax acuta,106305,Teleaulax acuta,Teleaulax acuta,Species,Chromista,Cryptophyta,Cryptophyceae,Pyrenomonadales,Geminigeraceae,Teleaulax,NA,NA,NA,5834
2021-06-10,TO4A,auto,Cryptophyta,Teleaulax,106285,Teleaulax,Teleaulax,Genus,Chromista,Cryptophyta,Cryptophyceae,Pyrenomonadales,Geminigeraceae,Teleaulax,NA,spp. Indet.,NA,61257
2021-06-10,TO4A,auto,Dictyochophyta,Dictyocha speculum,157260,Dictyocha speculum,Octactis speculum,Species,Chromista,Ochrophyta,Dictyochophyceae,Dictyochales,Dictyochaceae,Dictyocha,NA,NA,NA,1480
2021-06-10,TO4A,auto,Dinoflagellata,Gymnodinium,109475,Gymnodinium,Gymnodinium,Genus,Chromista,Myzozoa,Dinophyceae,Gymnodiniales,Gymnodiniaceae,Gymnodinium,NA,spp. Indet.,NA,120
2021-06-10,TO4A,auto,Dinoflagellata,Gyrodinium,109476,Gyrodinium,Gyrodinium,Genus,Chromista,Myzozoa,Dinophyceae,Gymnodiniales,Gymnodiniaceae,Gyrodinium,NA,spp. Indet.,NA,40
2021-06-10,TO4A,auto,Dinoflagellata,Scrippsiella precaria,110173,Scrippsiella precarea,Scrippsiella precaria,Species,Chromista,Myzozoa,Dinophyceae,Peridiniales,Peridiniaceae,Scrippsiella,NA,NA,NA,80
2021-06-10,TO4A,hetero,Ebriidea,Ebria tripartita,118051,Ebria tripartita,Ebria tripartita,Species,Protozoa,NA,Ebriophyceae,Ebriales,Ebriaceae,Ebria,NA,NA,NA,560
2021-06-10,TO4A,auto,Euglenophyta,Euglenozoa,536202,Euglenozoa,Euglenozoa,Phylum,Protozoa,Euglenozoa,NA,NA,NA,NA,NA,Indet.,NA,80
2021-06-10,TO4A,hetero,Metazoa,Copepoda,1080,Copepoda,Copepoda,Subclass,Animalia,Arthropoda,Hexanauplia,NA,NA,NA,nauplii,Indet.,NA,680
2021-06-10,TO4A,auto,Prymnesiophyta-Haptophyta,Corymbellus,162518,Corymbellus,Corymbellus,Genus,Chromista,Haptophyta,Prymnesiophyceae,Prymnesiales,Prymnesiaceae,Corymbellus,NA,sp. Indet.,NA,22400
2021-06-10,TO4A,auto,Unknown_flagellate,Protozoa,5,Protozoa,Protozoa,Kingdom,Protozoa,NA,NA,NA,NA,NA,NA,Indet.,NA,277115
2021-06-10,TO4A,hetero,Ciliophora,Oligotrichea,732974,Oligotrichea,Oligotrichea,Class,Chromista,Ciliophora,Oligotrichea,NA,NA,NA,NA,Indet.,NA,1320
2021-06-25,TO4A,auto,Unknown_Chlorophyta?,Protozoa,5,Protozoa,Protozoa,Kingdom,Protozoa,NA,NA,NA,NA,NA,NA,Indet.,Cells too small to identify. Stained blue indicating alpha starch and could be Chlorophyta,28000
2021-06-25,TO4A,hetero,Choanoflagellata,Choanozoa,562870,Choanozoa,Choanozoa,Phylum,Protozoa,Choanozoa,NA,NA,NA,NA,NA,Indet.,NA,2333
2021-06-25,TO4A,hetero,Ciliophora,Myrionecta rubra,292896,Myronecta rubra,Mesodinium rubrum,Species,Chromista,Ciliophora,Litostomatea,Cyclotrichiida,Mesodiniidae,Myrionecta,NA,NA,NA,1927
2021-06-25,TO4A,hetero,Ciliophora,Tintinnina,732976,Tintinnina,Tintinnina,Suborder,Chromista,Ciliophora,Oligotrichea,Choreotrichida,NA,NA,NA,Indet.,NA,164
2021-06-25,TO4A,auto,Cryptophyta,Hillea,178565,Hillea,Hillea,Genus,Chromista,Cryptophyta,Cryptophyceae,Cryptomonadales,Hilleaceae,Hillea,NA,sp. Indet.,NA,9332
2021-06-25,TO4A,auto,Cryptophyta,Teleaulax acuta,106305,Teleaulax acuta,Teleaulax acuta,Species,Chromista,Cryptophyta,Cryptophyceae,Pyrenomonadales,Geminigeraceae,Teleaulax,NA,NA,NA,9332
2021-06-25,TO4A,auto,Cryptophyta,Teleaulax,106285,Teleaulax,Teleaulax,Genus,Chromista,Cryptophyta,Cryptophyceae,Pyrenomonadales,Geminigeraceae,Teleaulax,NA,spp. Indet.,NA,18664
2021-06-25,TO4A,auto,Dictyochophyta,Dictyocha speculum,157260,Dictyocha speculum,Octactis speculum,Species,Chromista,Ochrophyta,Dictyochophyceae,Dictyochales,Dictyochaceae,Dictyocha,NA,NA,NA,1845
2021-06-25,TO4A,auto,Dinoflagellata,Alexandrium catenella,231873,Alexandrium catenella,Alexandrium catenella,Species,Chromista,Myzozoa,Dinophyceae,Gonyaulacales,Ostreopsidaceae,Alexandrium,NA,NA,NA,123
2021-06-25,TO4A,auto,Dinoflagellata,Ceratium tripos,109982,Ceratium tripos,Tripos muelleri,Species,Chromista,Myzozoa,Dinophyceae,Gonyaulacales,Ceratiaceae,Ceratium,NA,NA,NA,41
2021-06-25,TO4A,auto,Dinoflagellata,Gyrodinium,109476,Gyrodinium,Gyrodinium,Genus,Chromista,Myzozoa,Dinophyceae,Gymnodiniales,Gymnodiniaceae,Gyrodinium,NA,spp. Indet.,NA,82
2021-06-25,TO4A,auto,Dinoflagellata,Protoperidinium steinii,110257,Protoperidinium steinii,Protoperidinium steinii,Species,Chromista,Myzozoa,Dinophyceae,Peridiniales,Protoperidiniaceae,Protoperidinium,NA,NA,NA,82
2021-06-25,TO4A,auto,Dinoflagellata,Dinophyceae,19542,Dinophyceae,Dinophyceae,Class,Chromista,Myzozoa,Dinophyceae,NA,NA,NA,NA,Indet.,NA,1845
2021-06-25,TO4A,auto,Unknown_Dinophyceae?,Protozoa,5,Protozoa,Protozoa,Kingdom,Protozoa,NA,NA,NA,NA,NA,NA,Indet.,Cells too small to identify. Showed equatorial groove and could be Dinophyceae,6999
2021-06-25,TO4A,hetero,Ebriidea,Ebria tripartita,118051,Ebria tripartita,Ebria tripartita,Species,Protozoa,NA,Ebriophyceae,Ebriales,Ebriaceae,Ebria,NA,NA,NA,615
2021-06-25,TO4A,auto,Euglenophyta,Euglenozoa,536202,Euglenozoa,Euglenozoa,Phylum,Protozoa,Euglenozoa,NA,NA,NA,NA,NA,Indet.,NA,164
2021-06-25,TO4A,hetero,Metazoa,Copepoda,1080,Copepoda,Copepoda,Subclass,Animalia,Arthropoda,Hexanauplia,NA,NA,NA,nauplii,Indet.,NA,82
2021-06-25,TO4A,hetero,Metazoa,Copepoda,1080,Copepoda,Copepoda,Subclass,Animalia,Arthropoda,Hexanauplia,NA,NA,NA,copepodites,Indet.,NA,41
2021-06-25,TO4A,auto,Unknown_flagellate,Protozoa,5,Protozoa,Protozoa,Kingdom,Protozoa,NA,NA,NA,NA,NA,NA,Indet.,NA,88654
2021-06-25,TO4A,auto,Bacillariophyta,Pennales,1304629,Pennales,Pennales,Order,Chromista,Ochrophyta,Bacillariophyceae,Pennales,NA,NA,NA,Indet.,NA,2456
2021-06-25,TO4A,hetero,Ciliophora,Oligotrichea,732974,Oligotrichea,Oligotrichea,Class,Chromista,Ciliophora,Oligotrichea,NA,NA,NA,NA,Indet.,NA,3198
2021-08-26,TO4A,auto,Bacillariophyta,Corethron criophilum,149110,Corethron criophillum,Corethron criophilum,Species,Chromista,Ochrophyta,Bacillariophyceae,Corethrales,Corethraceae,Corethron,NA,NA,NA,270
2021-08-26,TO4A,auto,Bacillariophyta,Dactyliosolen phuketensis,248064,Dactyliosolen phuketensis,Rhizosolenia phuketensis,Species,Chromista,Ochrophyta,Bacillariophyceae,Rhizosoleniales,Rhizosoleniaceae,Dactyliosolen,NA,NA,NA,108
2021-08-26,TO4A,auto,Bacillariophyta,Dactyliosolen,149309,Dactyliosolen,Dactyliosolen,Genus,Chromista,Ochrophyta,Bacillariophyceae,Rhizosoleniales,Rhizosoleniaceae,Dactyliosolen,NA,spp. Indet.,NA,270
2021-08-26,TO4A,auto,Bacillariophyta,Rhizosolenia setigera,149115,Rhizosolenia setigera,Rhizosolenia setigera,Species,Chromista,Ochrophyta,Bacillariophyceae,Rhizosoleniales,Rhizosoleniaceae,Rhizosolenia,NA,NA,NA,108
2021-08-26,TO4A,auto,Bacillariophyta,Thalassiosira,148912,Thalassiosira,Thalassiosira,Genus,Chromista,Ochrophyta,Bacillariophyceae,Thalassiosirales,Thalassiosiraceae,Thalassiosira,NA,spp. Indet.,NA,216
2021-08-26,TO4A,auto,Chlorophyta-Prasinophyta,Pyramimonas grossii,495352,Pyramimonas grossii,Pyramimonas subg. Trichocystis grossii,Species,Plantae,Chlorophyta,Pyramimonadophyceae,Pyramimonadales,Pyramimonadaceae,Pyramimonas,NA,NA,NA,23333
2021-08-26,TO4A,auto,Chlorophyta-Prasinophyta,Pyramimonas orientalis,547692,Pyramimonas orientalis,Pyramimonas orientalis,Species,Plantae,Chlorophyta,Pyramimonadophyceae,Pyramimonadales,Pyramimonadaceae,Pyramimonas,NA,NA,NA,31112
2021-08-26,TO4A,auto,Unknown_Chlorophyta?,Protozoa,5,Protozoa,Protozoa,Kingdom,Protozoa,NA,NA,NA,NA,NA,NA,Indet.,Cells too small to identify. Stained blue indicating alpha starch and could be Chlorophyta,120559
2021-08-26,TO4A,hetero,Choanoflagellata,Monosiga marina,105643,Monosiga marina,Monosiga marina,Species,Protozoa,Choanozoa,Choanoflagellatea,Craspedida,Codonosigaceae,Monosiga,NA,NA,NA,11667
2021-08-26,TO4A,hetero,Choanoflagellata,Choanozoa,562870,Choanozoa,Choanozoa,Phylum,Protozoa,Choanozoa,NA,NA,NA,NA,NA,Indet.,NA,15556
2021-08-26,TO4A,auto,Dictyochophyta,Apedinella spinifera,248098,Apidinella spinifera,Apedinella radians,Species,Chromista,Ochrophyta,Dictyochophyceae,Pedinellales,Pedinellaceae,Apedinella,NA,NA,NA,3889
2021-08-26,TO4A,hetero,Ciliophora,Myrionecta rubra,292896,Myronecta rubra,Mesodinium rubrum,Species,Chromista,Ciliophora,Litostomatea,Cyclotrichiida,Mesodiniidae,Myrionecta,NA,NA,NA,5886
2021-08-26,TO4A,hetero,Ciliophora,Tintinnina,732976,Tintinnina,Tintinnina,Suborder,Chromista,Ciliophora,Oligotrichea,Choreotrichida,NA,NA,NA,Indet.,NA,432
2021-08-26,TO4A,auto,Cryptophyta,Hillea,178565,Hillea,Hillea,Genus,Chromista,Cryptophyta,Cryptophyceae,Cryptomonadales,Hilleaceae,Hillea,NA,sp. Indet.,NA,264452
2021-08-26,TO4A,auto,Cryptophyta,Teleaulax acuta,106305,Teleaulax acuta,Teleaulax acuta,Species,Chromista,Cryptophyta,Cryptophyceae,Pyrenomonadales,Geminigeraceae,Teleaulax,NA,NA,NA,11667
2021-08-26,TO4A,auto,Cryptophyta,Teleaulax amphioxeia,106306,Teleaulax amphioxiae,Teleaulax amphioxeia,Species,Chromista,Cryptophyta,Cryptophyceae,Pyrenomonadales,Geminigeraceae,Teleaulax,NA,NA,NA,35001
2021-08-26,TO4A,auto,Cryptophyta,Teleaulax,106285,Teleaulax,Teleaulax,Genus,Chromista,Cryptophyta,Cryptophyceae,Pyrenomonadales,Geminigeraceae,Teleaulax,NA,spp. Indet.,NA,248896
2021-08-26,TO4A,auto,Dictyochophyta,Dictyocha speculum,157260,Dictyocha speculum,Octactis speculum,Species,Chromista,Ochrophyta,Dictyochophyceae,Dictyochales,Dictyochaceae,Dictyocha,NA,NA,NA,108
2021-08-26,TO4A,auto,Dinoflagellata,Corythodinium,109527,Corythodinium,Corythodinium,Genus,Chromista,Myzozoa,Dinophyceae,Peridiniales,Oxytoxaceae,Corythodinium,NA,spp. Indet.,NA,162
2021-08-26,TO4A,auto,Dinoflagellata,Dinophysis acuminata,109603,Dinophysis acuminata,Dinophysis acuminata,Species,Chromista,Myzozoa,Dinophyceae,Dinophysiales,Dinophysaceae,Dinophysis,NA,NA,NA,216
2021-08-26,TO4A,auto,Dinoflagellata,Dinophysis acuta,109604,Dinophysis acuta,Dinophysis acuta,Species,Chromista,Myzozoa,Dinophyceae,Dinophysiales,Dinophysaceae,Dinophysis,NA,NA,NA,108
2021-08-26,TO4A,auto,Dinoflagellata,Dinophysis fortii,109624,Dinophysis fortii,Dinophysis fortii,Species,Chromista,Myzozoa,Dinophyceae,Dinophysiales,Dinophysaceae,Dinophysis,NA,NA,NA,54
2021-08-26,TO4A,auto,Dinoflagellata,Gonyaulax,109519,Gonyaulax,Gonyaulax,Genus,Chromista,Myzozoa,Dinophyceae,Gonyaulacales,Gonyaulacaceae,Gonyaulax,NA,spp. Indet.,NA,54
2021-08-26,TO4A,auto,Dinoflagellata,Gymnodinium,109475,Gymnodinium,Gymnodinium,Genus,Chromista,Myzozoa,Dinophyceae,Gymnodiniales,Gymnodiniaceae,Gymnodinium,NA,spp. Indet.,NA,648
2021-08-26,TO4A,auto,Dinoflagellata,Gyrodinium,109476,Gyrodinium,Gyrodinium,Genus,Chromista,Myzozoa,Dinophyceae,Gymnodiniales,Gymnodiniaceae,Gyrodinium,NA,spp. Indet.,NA,3889
2021-08-26,TO4A,auto,Dinoflagellata,Katodinium,109477,Katodinium,Katodinium,Genus,Chromista,Myzozoa,Dinophyceae,Tovelliales,Tovelliaceae,Katodinium,NA,spp. Indet.,NA,54
2021-08-26,TO4A,auto,Dinoflagellata,Dinophyceae,19542,Dinophyceae,Dinophyceae,Class,Chromista,Myzozoa,Dinophyceae,NA,NA,NA,NA,Indet.,NA,216
2021-08-26,TO4A,auto,Unknown_Dinophyceae?,Protozoa,5,Protozoa,Protozoa,Kingdom,Protozoa,NA,NA,NA,NA,NA,NA,Indet.,Cells too small to identify. Showed equatorial groove and could be Dinophyceae,3889
2021-08-26,TO4A,hetero,Ebriidea,Ebria tripartita,118051,Ebria tripartita,Ebria tripartita,Species,Protozoa,NA,Ebriophyceae,Ebriales,Ebriaceae,Ebria,NA,NA,NA,1728
2021-08-26,TO4A,auto,Euglenophyta,Euglenozoa,536202,Euglenozoa,Euglenozoa,Phylum,Protozoa,Euglenozoa,NA,NA,NA,NA,NA,Indet.,NA,32655
2021-08-26,TO4A,auto,Raphidiophyta,Heterosigma akashiwo,160585,Heterosigma akashiwo,Heterosigma akashiwo,Species,Chromista,Ochrophyta,Raphidophyceae,Chattonellales,Chattonellaceae,Heterosigma,NA,NA,NA,3889
2021-08-26,TO4A,auto,Unknown_flagellate,Protozoa,5,Protozoa,Protozoa,Kingdom,Protozoa,NA,NA,NA,NA,NA,NA,Indet.,NA,143893
2021-08-26,TO4A,auto,Bacillariophyta,Skeletonema marinoi,376667,Skeletonema marinoi,Skeletonema marinoi,Species,Chromista,Ochrophyta,Bacillariophyceae,Thalassiosirales,Skeletonemaceae,Skeletonema,NA,NA,NA,1782
2021-08-26,TO4A,hetero,Ciliophora,Oligotrichea,732974,Oligotrichea,Oligotrichea,Class,Chromista,Ciliophora,Oligotrichea,NA,NA,NA,NA,Indet.,NA,18195
